Geo_FIPS,SE_T057_001
36001000100,35900
36001000200,20665
36001000300,35951
36001000401,71921
36001000403,50952
36001000404,
36001000501,26711
36001000502,45526
36001000600,19836
36001000700,30851
36001000800,21394
36001001100,12452
36001001400,34052
36001001500,29823
36001001600,46579
36001001700,70586
36001001801,64737
36001001802,51917
36001001901,69630
36001001902,73875
36001002000,54601
36001002100,29866
36001002200,38621
36001002300,26983
36001002500,19258
36001002600,40783
36001012700,53113
36001012800,33825
36001012900,25776
36001013000,54007
36001013100,52292
36001013200,34678
36001013300,48864
36001013400,45224
36001013503,64500
36001013505,68021
36001013506,69167
36001013507,81591
36001013508,87143
36001013601,73783
36001013602,60761
36001013703,99250
36001013705,69201
36001013706,111250
36001013707,90688
36001013801,66827
36001013802,94167
36001013901,69345
36001013902,78300
36001014001,54127
36001014002,60511
36001014100,86066
36001014201,82418
36001014202,99813
36001014203,95175
36001014301,68482
36001014302,96179
36001014401,57250
36001014402,56466
36001014501,86204
36001014502,68656
36001014503,79375
36001014606,78368
36001014607,89970
36001014608,81875
36001014609,66066
36001014611,89333
36001014612,79643
36001014613,78800
36001014614,91042
36001014615,61858
36001014700,65313
36001014801,61905
36001014802,52143
36001014803,68972
36003940200,
36003950100,43906
36003950300,43724
36003950400,43909
36003950500,47286
36003950600,38285
36003950700,41419
36003950800,47692
36003950900,43520
36003951000,38285
36003951100,41535
36003951200,41742
36003951300,43306
36005000100,
36005000200,69514
36005000400,73036
36005001600,30817
36005001900,33862
36005002000,19150
36005002300,13902
36005002400,
36005002500,14628
36005002701,26094
36005002702,19237
36005002800,48717
36005003100,28047
36005003300,20852
36005003500,24321
36005003700,34000
36005003800,36250
36005003900,25513
36005004001,46809
36005004100,18021
36005004200,27868
36005004300,22359
36005004400,21033
36005004600,31250
36005004800,24683
36005005001,30106
36005005002,32788
36005005100,21423
36005005200,17106
36005005300,15087
36005005400,29583
36005005600,26000
36005005902,35488
36005006000,40586
36005006100,43950
36005006200,25500
36005006300,31830
36005006400,36446
36005006500,21640
36005006700,19079
36005006800,30969
36005006900,17460
36005007000,36852
36005007100,40682
36005007200,42193
36005007300,22254
36005007400,43696
36005007500,21723
36005007600,41754
36005007700,27250
36005007800,32060
36005007900,25244
36005008300,18441
36005008400,54219
36005008500,23882
36005008600,20069
36005008700,28725
36005008900,18794
36005009000,27910
36005009200,30845
36005009300,30783
36005009600,41786
36005009800,52500
36005011000,46417
36005011502,21016
36005011700,19022
36005011800,73508
36005011900,23838
36005012101,35147
36005012102,17028
36005012300,20966
36005012500,26276
36005012701,21589
36005012901,14301
36005013000,68512
36005013100,28594
36005013200,91968
36005013300,22012
36005013500,20171
36005013800,70774
36005014100,30850
36005014300,10114
36005014400,21964
36005014500,20621
36005014701,21106
36005014702,17940
36005014900,23491
36005015100,29031
36005015200,58125
36005015300,21521
36005015500,26698
36005015700,26250
36005015800,55556
36005015900,17281
36005016000,85104
36005016100,16889
36005016200,67778
36005016300,
36005016400,77344
36005016500,25164
36005016600,70081
36005016700,32386
36005016900,33899
36005017100,
36005017300,22699
36005017500,17825
36005017701,26224
36005017702,20554
36005017901,20647
36005017902,27088
36005018101,26694
36005018102,38561
36005018301,34500
36005018302,47167
36005018400,76477
36005018500,23034
36005018900,22875
36005019300,20297
36005019400,51309
36005019500,32051
36005019700,27898
36005019900,26187
36005020000,34955
36005020100,30848
36005020200,39259
36005020400,50815
36005020501,26316
36005020502,25000
36005020601,53125
36005020900,29508
36005021001,48010
36005021002,47353
36005021100,24066
36005021200,54293
36005021301,22734
36005021302,26152
36005021501,30864
36005021502,19421
36005021601,22818
36005021602,44420
36005021700,20747
36005021800,33302
36005021900,30952
36005022000,13350
36005022101,27058
36005022102,18241
36005022200,45000
36005022300,31604
36005022401,40184
36005022403,34818
36005022404,41458
36005022500,32043
36005022701,32079
36005022702,42955
36005022703,42500
36005022800,45000
36005022901,23494
36005022902,24750
36005023000,51411
36005023100,28987
36005023200,48125
36005023301,27691
36005023302,18569
36005023501,33869
36005023502,23209
36005023600,39306
36005023702,14231
36005023703,28641
36005023704,19076
36005023800,56283
36005023900,21464
36005024000,34544
36005024100,20659
36005024300,21328
36005024400,67471
36005024501,25922
36005024502,26014
36005024600,69013
36005024700,39919
36005024800,66918
36005024900,
36005025000,52134
36005025100,31541
36005025200,49944
36005025300,30908
36005025400,42177
36005025500,20000
36005025600,42337
36005025700,30485
36005026100,64810
36005026300,28976
36005026400,73720
36005026500,37719
36005026601,51938
36005026602,46174
36005026701,32599
36005026702,32525
36005026900,31336
36005027300,45370
36005027401,69138
36005027402,68511
36005027600,57222
36005027700,30750
36005027900,47227
36005028100,57604
36005028300,45485
36005028400,113750
36005028500,49879
36005028600,51538
36005028700,46875
36005028800,57460
36005028900,55281
36005029301,101700
36005029302,91180
36005029500,94457
36005029600,45357
36005029700,90909
36005030000,48485
36005030100,81685
36005030200,51384
36005030701,92361
36005030900,82169
36005031000,113914
36005031200,62596
36005031400,80417
36005031600,59886
36005031800,55000
36005031900,
36005032300,76217
36005032400,28139
36005032600,73158
36005032800,31644
36005033000,39735
36005033201,45686
36005033202,39500
36005033400,45270
36005033500,85972
36005033600,31594
36005033700,77500
36005033800,43059
36005034000,37864
36005034200,42863
36005034300,68993
36005034400,88313
36005034500,60568
36005034800,36294
36005035000,61500
36005035100,70625
36005035600,86199
36005035800,61407
36005035900,20750
36005036000,83816
36005036100,16041
36005036300,21350
36005036400,45815
36005036501,21875
36005036502,16974
36005036700,21017
36005036800,62171
36005036901,13594
36005036902,30850
36005037000,63789
36005037100,19467
36005037200,51571
36005037300,29606
36005037400,22500
36005037504,20313
36005037600,49566
36005037800,42326
36005037900,22917
36005038000,33077
36005038100,26038
36005038200,41990
36005038301,24412
36005038302,20108
36005038500,19857
36005038600,49854
36005038700,24286
36005038800,47619
36005038900,26171
36005039000,35037
36005039100,24193
36005039200,32386
36005039300,16949
36005039400,39157
36005039500,26250
36005039600,28103
36005039700,19015
36005039800,58892
36005039901,26509
36005039902,27375
36005040100,36786
36005040302,20492
36005040303,35889
36005040304,37000
36005040400,40793
36005040501,29293
36005040502,19358
36005040600,40039
36005040701,29479
36005040702,27290
36005040800,31687
36005040900,49614
36005041100,31371
36005041300,33033
36005041400,52577
36005041500,35086
36005041800,38165
36005041900,36344
36005042000,29886
36005042100,50816
36005042200,51312
36005042300,33700
36005042400,50625
36005042500,32382
36005042600,65909
36005042800,66971
36005042901,38100
36005042902,28149
36005043000,50100
36005043100,31841
36005043400,37601
36005043500,
36005043600,53750
36005044200,40068
36005044400,61526
36005044800,84875
36005044901,63750
36005044902,71154
36005045101,69861
36005045102,72569
36005045600,65500
36005045800,20691
36005046000,39448
36005046201,43495
36005046202,32461
36005048400,68370
36005050400,
36005051600,70027
36007000100,30820
36007000200,25042
36007000300,30613
36007000400,36694
36007000500,21713
36007000600,31328
36007000700,41713
36007000900,29900
36007001100,15857
36007001200,11682
36007001300,15361
36007001400,29268
36007001500,53886
36007001600,53896
36007001700,32434
36007001800,32026
36007010200,58254
36007011901,52045
36007011902,51042
36007011903,53438
36007012000,45446
36007012101,53726
36007012102,71441
36007012103,54844
36007012201,60263
36007012202,46444
36007012300,47899
36007012400,42060
36007012500,51370
36007012600,51894
36007012701,53512
36007012702,70500
36007012800,51406
36007012900,46618
36007013000,65714
36007013100,41270
36007013201,48542
36007013202,52212
36007013301,51304
36007013303,64952
36007013304,73571
36007013400,36406
36007013500,22699
36007013600,32500
36007013700,33511
36007013800,36783
36007013900,31563
36007014000,22230
36007014100,43040
36007014200,52195
36007014301,64858
36007014302,55339
36007014400,58984
36007014500,61136
36007014600,67168
36009940000,18750
36009940200,
36009940300,30483
36009960100,42520
36009960200,34769
36009960300,49468
36009960400,47471
36009960500,43192
36009960600,44926
36009960702,44450
36009960800,39279
36009961000,44191
36009961100,53400
36009961200,51622
36009961300,47007
36009961400,44211
36009961500,50932
36009961600,38638
36009961700,35193
36009961800,48778
36009962200,43875
36011040100,45597
36011040200,59069
36011040300,48092
36011040400,54564
36011040500,60194
36011040600,67961
36011040700,76468
36011040800,58750
36011040900,55036
36011041000,62010
36011041100,70968
36011041200,56858
36011041300,36936
36011041400,37739
36011041500,46875
36011041600,61681
36011041700,41737
36011041800,36096
36011042100,24486
36011990200,
36013030100,26739
36013030200,30844
36013030300,25208
36013030400,36734
36013030500,13693
36013030600,33912
36013030700,42794
36013030800,43627
36013035100,45663
36013035300,58023
36013035400,26237
36013035500,43415
36013035600,41012
36013035700,42250
36013035800,37826
36013035901,51234
36013035902,22750
36013036000,50033
36013036100,48725
36013036300,39599
36013036401,50682
36013036402,50921
36013036500,40536
36013036600,41923
36013036700,45326
36013036800,48884
36013036901,49671
36013036902,56019
36013037000,53240
36013037100,49301
36013037200,51683
36013037300,45735
36013037400,47147
36013037500,48750
36013037600,50122
36013990000,
36015000100,26076
36015000200,32411
36015000300,
36015000400,48320
36015000500,48594
36015000600,22134
36015000700,15700
36015000900,42358
36015001000,21373
36015001100,38736
36015010100,51612
36015010200,61306
36015010300,62167
36015010400,56198
36015010500,42414
36015010600,52569
36015010700,79635
36015010800,30789
36015010900,79592
36015011000,54412
36015011100,40375
36015011200,56744
36017970100,44476
36017970200,45822
36017970300,41439
36017970400,26596
36017970500,41623
36017970601,45577
36017970602,50757
36017970700,46111
36017970801,49813
36017970802,50063
36017970900,40451
36017971000,53438
36019100100,51865
36019100200,58750
36019100300,45113
36019100400,44904
36019100600,58955
36019100700,57277
36019100800,55625
36019100900,35000
36019101000,71678
36019101100,
36019101300,22708
36019101400,40625
36019101600,46563
36019101700,64228
36019101800,55274
36019101900,66111
36019102000,44724
36019102100,54191
36019102200,27520
36021000100,53929
36021000200,74167
36021000300,78885
36021000401,72500
36021000402,79655
36021000500,64358
36021000600,54406
36021000700,60250
36021000800,72500
36021000900,83750
36021001000,51329
36021001100,44401
36021001200,31184
36021001300,41152
36021001400,52429
36021001500,57895
36021001600,66062
36021001700,62045
36021001800,65230
36021001900,63276
36021002000,60917
36023970100,51563
36023970200,56808
36023970300,55179
36023970400,58199
36023970500,43741
36023970600,26194
36023970700,44668
36023970800,31875
36023970900,33750
36023971000,54179
36023971100,47443
36023971200,57007
36025970100,47956
36025970200,53214
36025970300,58704
36025970400,40672
36025970500,44973
36025970600,37063
36025970700,46118
36025970800,45208
36025970900,
36025971000,47500
36025971100,44926
36025971200,47833
36025971300,43548
36025971400,43377
36027010000,56222
36027020003,89024
36027020004,105500
36027020005,98851
36027030000,92117
36027040001,64347
36027040003,75811
36027050102,77228
36027050103,110471
36027050104,134758
36027050203,79441
36027050204,96220
36027050205,101629
36027060100,91866
36027060201,64375
36027060202,69813
36027060301,95243
36027060302,99583
36027060400,54816
36027070101,72527
36027070102,76270
36027070201,61534
36027070301,74738
36027070401,60179
36027080103,101359
36027080104,89808
36027080201,109010
36027080202,99710
36027090000,65529
36027100000,63438
36027110003,100671
36027110004,79236
36027110005,58780
36027120000,64673
36027130003,65873
36027130004,104605
36027130005,82230
36027140101,64286
36027140200,58844
36027140300,50302
36027140400,109112
36027140500,62743
36027140602,78424
36027140700,85647
36027140801,70000
36027150003,51688
36027150004,94961
36027150005,75708
36027150006,50667
36027160003,65288
36027160004,73098
36027160005,58125
36027170000,67538
36027180001,87841
36027190101,83043
36027190102,72938
36027190203,85417
36027190204,100600
36027190301,75610
36027190401,75208
36027190402,73750
36027200001,71222
36027200002,57450
36027210101,49318
36027210201,59706
36027210301,66852
36027220100,22448
36027220201,31533
36027220300,27379
36027220700,36630
36027220801,37887
36027220901,51471
36027221001,86250
36027221100,38953
36027300000,47148
36027410000,66250
36027610000,
36027640001,
36027640002,22188
36029000110,37250
36029000200,31625
36029000500,33086
36029000600,50017
36029000700,59635
36029000800,48293
36029000900,44288
36029001000,37746
36029001100,30227
36029001402,21520
36029001500,27500
36029001600,13327
36029001700,27115
36029001900,39692
36029002300,23573
36029002400,31465
36029002502,26741
36029002702,14221
36029002800,21997
36029002900,21786
36029003000,19915
36029003100,17296
36029003301,26835
36029003302,21424
36029003400,28191
36029003500,14898
36029003600,18092
36029003700,19827
36029003800,26067
36029003901,27602
36029004001,22607
36029004100,29792
36029004200,26006
36029004300,32963
36029004401,29489
36029004402,15282
36029004500,61223
36029004601,43633
36029004602,
36029004700,32087
36029004800,68254
36029004900,45031
36029005000,34694
36029005100,38479
36029005201,46147
36029005202,34292
36029005300,33529
36029005400,56964
36029005500,21977
36029005600,29949
36029005700,24560
36029005801,37587
36029005802,24460
36029005900,20227
36029006100,26136
36029006201,
36029006301,54205
36029006302,69224
36029006501,45584
36029006601,31688
36029006602,34750
36029006701,41607
36029006702,32988
36029006800,41250
36029006901,19311
36029006902,19955
36029007000,20337
36029007101,16882
36029007102,13925
36029007202,43015
36029007302,80957
36029007303,63169
36029007304,95388
36029007600,54884
36029007700,41262
36029007800,51397
36029007901,66020
36029007902,54668
36029007903,61354
36029007904,59875
36029007905,58694
36029008001,56612
36029008002,57378
36029008003,53976
36029008101,51639
36029008102,66103
36029008201,51081
36029008202,46226
36029008300,23415
36029008400,41534
36029008500,48724
36029008600,55570
36029008700,49351
36029008800,45804
36029008900,65871
36029009004,75781
36029009006,80989
36029009007,136413
36029009008,63661
36029009009,82857
36029009010,96232
36029009104,92125
36029009106,70170
36029009107,59190
36029009109,60938
36029009110,
36029009112,25532
36029009113,94792
36029009114,80718
36029009115,31146
36029009116,49583
36029009200,45671
36029009301,41016
36029009302,53450
36029009401,62328
36029009402,76156
36029009501,97892
36029009502,67656
36029009600,53789
36029009701,51146
36029009702,48534
36029009800,47650
36029009900,40196
36029010001,51979
36029010002,40143
36029010003,45339
36029010101,59343
36029010102,31343
36029010103,46516
36029010201,67162
36029010202,52857
36029010300,45208
36029010400,34942
36029010500,42887
36029010600,47897
36029010700,48125
36029010803,46750
36029010804,52819
36029010805,53125
36029010807,50762
36029010808,53466
36029010809,69308
36029010901,49432
36029010902,33004
36029011000,44231
36029011100,48295
36029011200,54575
36029011300,56050
36029011400,47572
36029011500,45039
36029011600,46332
36029011700,50625
36029011800,47938
36029012001,58108
36029012002,68158
36029012003,67830
36029012300,37788
36029012400,31174
36029012501,43317
36029012502,45119
36029012800,40194
36029012901,52051
36029012902,53458
36029013001,48958
36029013002,53447
36029013101,58988
36029013102,88770
36029013201,58433
36029013202,91538
36029013300,62687
36029013400,69095
36029013501,63417
36029013502,133750
36029013600,75781
36029013701,56949
36029013702,80982
36029013800,78108
36029013900,66786
36029014000,65250
36029014101,72909
36029014102,76491
36029014204,55605
36029014206,121212
36029014207,67095
36029014208,89033
36029014209,82310
36029014300,59801
36029014400,44063
36029014501,56029
36029014502,35600
36029014601,66875
36029014603,98393
36029014604,108164
36029014701,79814
36029014702,75221
36029014801,48398
36029014803,55875
36029014901,49435
36029014903,63091
36029014904,
36029015001,77254
36029015002,60719
36029015003,60063
36029015101,77477
36029015102,60913
36029015201,89324
36029015202,65080
36029015301,62785
36029015302,57632
36029015401,58456
36029015402,70616
36029015501,56964
36029015503,42458
36029015504,60189
36029015600,61083
36029015700,59688
36029015800,53080
36029015900,48221
36029016100,
36029016200,35112
36029016300,27407
36029016400,20000
36029016500,21786
36029016600,21814
36029016700,36250
36029016800,21385
36029016900,51425
36029017000,28495
36029017100,21649
36029017200,38785
36029017300,71786
36029017400,20332
36029017501,36071
36029017502,60282
36029940000,40000
36029940100,
36029990000,
36031960100,56643
36031960200,58281
36031960300,56563
36031960498,59401
36031960598,45424
36031960700,44719
36031960800,43166
36031960900,45727
36031961000,45143
36031961100,46081
36031961200,42083
36031961300,53347
36031961400,47727
36033940000,30424
36033950100,46812
36033950200,38909
36033950300,42298
36033950400,59133
36033950501,29545
36033950502,40078
36033950600,51042
36033950700,45625
36033950800,51827
36033950900,48525
36033951000,39414
36033951100,48324
36033951200,66552
36035970100,52841
36035970200,50333
36035970300,48779
36035970400,48025
36035970500,44068
36035970600,50071
36035970700,23854
36035970800,35733
36035970900,46250
36035971000,39844
36035971100,38371
36035971200,42697
36035971300,41095
36035971400,58393
36035971500,55347
36037940100,30750
36037950100,60309
36037950200,57150
36037950300,52283
36037950400,48849
36037950500,45417
36037950600,34309
36037950700,31558
36037950800,38768
36037950900,38689
36037951000,36198
36037951100,57426
36037951200,52972
36037951300,53947
36037951400,60000
36039080100,67927
36039080201,51538
36039080202,43333
36039080300,44833
36039080401,46538
36039080402,42784
36039080501,48750
36039080502,49250
36039080600,53750
36039080700,53010
36039080800,
36039080900,55867
36039081000,36023
36039081101,52165
36039081102,52344
36041950100,54688
36041950300,50278
36041950400,47679
36041950500,52143
36043010100,58088
36043010201,39688
36043010202,55972
36043010300,51747
36043010400,31619
36043010501,38830
36043010502,50298
36043010701,38611
36043010702,38492
36043010900,49698
36043011001,40063
36043011002,43917
36043011100,27105
36043011200,39240
36043011301,59643
36043011302,44957
36043011400,54649
36043011501,44663
36043011502,53661
36045060100,43827
36045060200,55026
36045060300,55132
36045060400,55095
36045060500,51212
36045060600,50917
36045060700,51038
36045060803,40072
36045060804,45919
36045060900,38074
36045061000,50265
36045061100,49386
36045061200,41359
36045061300,29926
36045061400,32500
36045061500,46339
36045061600,61250
36045061700,48214
36045061800,56006
36045061900,53023
36045062100,25522
36045062200,52234
36045062400,70000
36045062500,47134
36045980000,
36045990001,
36047000100,86210
36047000200,33906
36047000301,109375
36047000501,98073
36047000502,92219
36047000700,136515
36047000900,115952
36047001100,120208
36047001300,108170
36047001500,80203
36047001800,
36047002000,72500
36047002100,193942
36047002200,38325
36047002300,16795
36047002901,12645
36047003000,56942
36047003100,64668
36047003300,82381
36047003400,88409
36047003500,50244
36047003600,57656
36047003700,88864
36047003800,96982
36047003900,95625
36047004100,108510
36047004300,102875
36047004400,82232
36047004500,103226
36047004600,86250
36047004700,101875
36047004900,100200
36047005000,82644
36047005100,100645
36047005201,17292
36047005202,72854
36047005300,67054
36047005400,62778
36047005601,51339
36047005602,51989
36047005800,50747
36047005900,61106
36047006000,62578
36047006200,43279
36047006300,92188
36047006400,49191
36047006500,100850
36047006600,58171
36047006700,138068
36047006800,37946
36047006900,110217
36047007000,46989
36047007100,35383
36047007200,34535
36047007400,35965
36047007500,109250
36047007600,35781
36047007700,102625
36047007800,34176
36047008000,47945
36047008200,42917
36047008400,36908
36047008500,18390
36047008600,
36047008800,45609
36047009000,31047
36047009200,41818
36047009400,37083
36047009600,39317
36047009800,30556
36047010000,27472
36047010100,43278
36047010200,43801
36047010400,30109
36047010600,35063
36047010800,30479
36047011000,35000
36047011200,27207
36047011400,41764
36047011600,37516
36047011700,67083
36047011800,36146
36047011900,66875
36047012000,52841
36047012100,75568
36047012200,36458
36047012600,31750
36047012700,31875
36047012801,49688
36047012901,79940
36047012902,85313
36047013000,51075
36047013100,102039
36047013200,52578
36047013300,119966
36047013400,65119
36047013500,108421
36047013600,65456
36047013700,92781
36047013800,65625
36047013900,85172
36047014000,55458
36047014100,98018
36047014200,44366
36047014300,63606
36047014500,64198
36047014700,68060
36047014800,75455
36047014900,111359
36047015000,86250
36047015100,118015
36047015200,65972
36047015300,124821
36047015400,
36047015500,105870
36047015700,116612
36047015900,127747
36047016000,58809
36047016100,104167
36047016200,70313
36047016300,82009
36047016400,55192
36047016500,105694
36047016600,66806
36047016700,100928
36047016800,75125
36047016900,63788
36047017000,58375
36047017100,101538
36047017200,87669
36047017400,72717
36047017500,
36047017600,47031
36047017700,
36047017800,52639
36047017900,57019
36047018000,38711
36047018100,79771
36047018200,38984
36047018300,105271
36047018400,52550
36047018501,21303
36047018600,63125
36047018700,106875
36047018800,56354
36047019000,39479
36047019100,68558
36047019200,34263
36047019300,48542
36047019400,38542
36047019500,67468
36047019600,39127
36047019700,77803
36047019800,53472
36047019900,63295
36047020000,66528
36047020100,76409
36047020200,70069
36047020300,109000
36047020400,69148
36047020500,75833
36047020600,82440
36047020700,98558
36047020800,56467
36047021000,55547
36047021100,49338
36047021200,35947
36047021300,42022
36047021400,47679
36047021500,55969
36047021600,34688
36047021700,50469
36047021800,33344
36047021900,38372
36047022000,30236
36047022100,48523
36047022200,29949
36047022400,38442
36047022600,44452
36047022700,47083
36047022800,35221
36047022900,62000
36047023000,26611
36047023100,75248
36047023200,26633
36047023300,37917
36047023400,28618
36047023500,48388
36047023600,24548
36047023800,26462
36047024000,28235
36047024100,49091
36047024200,39583
36047024300,46449
36047024400,34732
36047024500,48974
36047024600,49219
36047024700,44732
36047024800,46591
36047024900,50592
36047025000,43239
36047025100,34191
36047025200,42448
36047025300,43672
36047025400,50156
36047025500,25838
36047025600,39583
36047025700,49609
36047025800,45897
36047025901,31607
36047025902,17424
36047026000,46106
36047026100,33132
36047026200,64539
36047026300,37172
36047026400,44010
36047026500,49714
36047026600,62561
36047026700,46273
36047026800,55673
36047026900,47721
36047027000,41217
36047027100,40727
36047027200,49688
36047027300,25938
36047027400,39423
36047027500,54710
36047027600,37182
36047027700,30603
36047027800,38079
36047027900,51293
36047028000,63906
36047028100,27369
36047028200,37750
36047028300,16902
36047028400,43024
36047028501,93250
36047028502,20785
36047028600,48359
36047028700,24114
36047028800,37222
36047028900,24556
36047029000,42931
36047029100,31750
36047029200,35133
36047029300,25875
36047029400,53224
36047029500,67569
36047029600,41835
36047029700,47594
36047029800,47705
36047029900,23578
36047030000,49457
36047030100,41346
36047030200,47348
36047030300,23911
36047030400,39299
36047030500,50100
36047030600,43629
36047030700,21886
36047030800,45909
36047030900,26800
36047031100,42750
36047031300,38982
36047031400,43925
36047031500,44020
36047031701,34315
36047031702,42483
36047031900,42740
36047032100,39272
36047032300,49335
36047032500,31794
36047032600,21468
36047032700,42134
36047032800,34563
36047032900,43457
36047033000,23266
36047033100,37949
36047033300,44459
36047033500,61103
36047033600,55862
36047033700,47888
36047033900,35125
36047034000,18750
36047034100,40069
36047034200,13934
36047034300,25269
36047034500,40194
36047034700,22358
36047034800,34844
36047034900,31139
36047035000,31701
36047035100,25078
36047035200,9959
36047035300,38750
36047035400,47781
36047035500,32917
36047035601,38229
36047035602,39953
36047035700,14656
36047035900,25667
36047036001,26216
36047036002,14507
36047036100,22650
36047036200,26922
36047036300,32958
36047036400,35152
36047036501,39420
36047036502,50588
36047036600,39702
36047036700,44327
36047036900,28074
36047037000,63159
36047037100,49044
36047037300,31769
36047037401,55524
36047037402,27297
36047037500,43488
36047037700,49283
36047037900,45482
36047038100,23556
36047038200,19279
36047038300,58457
36047038500,43702
36047038600,41736
36047038700,28000
36047038800,47905
36047038900,37200
36047039000,41453
36047039100,44219
36047039200,36607
36047039300,52143
36047039400,47639
36047039500,25955
36047039600,44509
36047039700,36389
36047039800,46125
36047039900,38175
36047040000,41290
36047040100,46375
36047040200,42105
36047040300,28293
36047040400,38138
36047040500,50250
36047040600,45750
36047040700,
36047040800,45565
36047040900,32473
36047041000,55063
36047041100,35195
36047041200,41833
36047041300,40132
36047041401,54868
36047041402,39336
36047041500,49345
36047041600,45846
36047041700,28038
36047041800,33519
36047041900,36045
36047042000,52546
36047042100,40444
36047042200,59145
36047042300,39038
36047042400,41271
36047042500,38531
36047042600,45000
36047042700,42935
36047042800,42315
36047042900,43383
36047043000,41625
36047043100,27361
36047043200,41500
36047043300,31510
36047043400,42292
36047043500,37713
36047043600,40087
36047043700,43141
36047043800,41797
36047043900,37803
36047044000,46193
36047044100,45996
36047044200,51318
36047044300,53571
36047044400,49773
36047044500,40750
36047044600,54205
36047044700,46571
36047044800,52067
36047044900,41275
36047045000,41553
36047045200,63594
36047045300,49405
36047045400,58427
36047045600,28696
36047045800,62159
36047046000,46992
36047046201,37027
36047046202,44663
36047046400,49405
36047046800,28214
36047047000,50500
36047047200,54786
36047047400,51766
36047047600,41411
36047047700,76600
36047047800,26677
36047048000,40741
36047048100,63750
36047048200,29660
36047048400,40327
36047048500,73170
36047048600,34875
36047048800,49074
36047048900,18906
36047049000,33520
36047049100,33727
36047049200,40380
36047049300,29190
36047049400,45878
36047049500,63864
36047049600,60568
36047049700,68646
36047049800,48158
36047049900,64583
36047050000,65605
36047050100,65189
36047050202,85313
36047050300,66126
36047050400,85925
36047050500,20221
36047050600,36848
36047050700,25347
36047050801,39176
36047050803,42938
36047050804,49319
36047050900,29559
36047051001,42088
36047051002,44153
36047051100,30637
36047051200,36214
36047051300,64150
36047051400,42304
36047051500,100089
36047051601,28918
36047051602,35259
36047051700,76395
36047051800,72803
36047051900,78877
36047052000,52861
36047052300,34464
36047052500,16304
36047052600,55197
36047052700,25778
36047052800,81591
36047052900,25773
36047053000,48727
36047053100,35694
36047053200,50000
36047053300,18781
36047053400,25667
36047053500,18245
36047053700,20990
36047053800,29287
36047053900,23415
36047054200,42826
36047054300,77396
36047054400,60274
36047054500,14348
36047054600,34229
36047054700,39750
36047054800,61875
36047054900,62882
36047055000,41528
36047055100,61536
36047055200,38905
36047055300,73171
36047055400,47368
36047055500,96350
36047055600,49472
36047055700,71771
36047055800,54444
36047056000,43583
36047056100,71750
36047056200,67344
36047056300,47813
36047056400,67344
36047056500,69250
36047056600,55909
36047056800,80026
36047056900,90387
36047057000,60958
36047057100,72592
36047057200,13111
36047057300,59519
36047057400,97765
36047057500,56109
36047057600,60581
36047057800,55549
36047057900,56964
36047058000,36944
36047058200,35500
36047058400,55441
36047058600,53148
36047058800,56875
36047058900,88672
36047059000,51429
36047059100,62986
36047059200,51214
36047059300,60846
36047059401,54680
36047059402,82727
36047059600,60455
36047059800,60893
36047060000,49955
36047060600,30286
36047060800,52885
36047061002,61272
36047061003,42893
36047061004,22204
36047061200,61944
36047061600,84500
36047062000,102946
36047062200,48350
36047062600,42321
36047062800,65923
36047063200,51813
36047063600,90357
36047063800,70234
36047064000,93333
36047064200,59892
36047064400,95583
36047064600,76429
36047064800,63295
36047065000,59444
36047065200,103289
36047065400,89063
36047065600,90658
36047065800,81250
36047066000,81865
36047066200,71579
36047066600,
36047067000,61304
36047067200,54559
36047067400,69342
36047067600,65588
36047067800,81309
36047068000,69643
36047068200,76567
36047068600,63858
36047068800,75938
36047069000,75709
36047069200,70598
36047069601,55233
36047069602,88043
36047069800,67287
36047070000,80417
36047070201,66146
36047070202,
36047070203,
36047070600,76607
36047072000,62759
36047072200,66484
36047072400,86677
36047072600,79740
36047072800,63973
36047073000,83516
36047073200,65250
36047073400,73309
36047073600,48267
36047073800,63043
36047074000,52669
36047074200,76053
36047074400,83750
36047074600,56932
36047074800,52396
36047075000,43350
36047075200,62188
36047075400,93500
36047075600,70000
36047075800,81645
36047076000,34641
36047076200,46917
36047076400,52063
36047076600,57059
36047076800,45242
36047077000,53299
36047077200,49904
36047077400,53150
36047077600,53571
36047078000,80625
36047078200,47108
36047078400,80192
36047078600,36759
36047078800,40882
36047079000,39815
36047079200,34848
36047079400,36760
36047079601,51213
36047079602,34032
36047079801,48619
36047079802,44360
36047080000,51419
36047080200,43607
36047080400,34598
36047080600,48295
36047080800,12283
36047081000,37482
36047081400,46389
36047081600,45278
36047081800,45717
36047082000,41518
36047082200,38281
36047082400,38475
36047082600,35571
36047082800,49464
36047083000,50586
36047083200,63629
36047083400,82000
36047083600,65625
36047083800,78804
36047084000,53667
36047084600,75063
36047084800,73750
36047085000,63750
36047085200,
36047085400,45759
36047085600,63661
36047085800,53125
36047086000,41941
36047086200,41607
36047086400,61806
36047086600,44180
36047086800,43977
36047087000,37639
36047087200,40833
36047087401,27440
36047087600,44917
36047087800,42482
36047088000,52118
36047088200,41616
36047088400,41486
36047088600,36500
36047088800,43718
36047089000,28415
36047089200,27365
36047089400,48304
36047089600,33427
36047089800,38843
36047090000,29610
36047090200,32813
36047090600,18280
36047090800,12008
36047091000,10674
36047091200,18979
36047091600,25781
36047091800,30528
36047092000,40474
36047092200,36429
36047092400,35089
36047092800,52039
36047093000,59864
36047093200,74931
36047093400,67636
36047093600,72214
36047093800,31523
36047094401,60682
36047094402,26905
36047094600,66630
36047095000,70224
36047095400,62402
36047095600,64654
36047095800,67220
36047096000,
36047096200,71711
36047096400,60375
36047096600,83527
36047096800,59000
36047097000,59509
36047097400,63627
36047098200,20586
36047098400,68068
36047098600,67458
36047098800,53681
36047099000,59265
36047099200,66776
36047099400,75139
36047099600,75329
36047099800,64198
36047100400,72670
36047100600,78448
36047100800,60000
36047101000,59494
36047101200,69615
36047101400,70380
36047101600,92663
36047101800,74181
36047102000,91646
36047102200,53214
36047102400,54273
36047102600,67083
36047102800,78819
36047103400,21550
36047105801,25162
36047105804,27878
36047107000,71875
36047107800,61639
36047109800,47386
36047110400,34545
36047110600,28690
36047111000,18768
36047111600,33000
36047111800,30610
36047112000,43919
36047112200,35179
36047112400,41116
36047112600,34958
36047112800,40694
36047113000,21921
36047113200,50185
36047113400,20667
36047114201,39265
36047114202,28320
36047114400,25481
36047114600,31108
36047115000,32297
36047115200,25058
36047115600,12902
36047115800,38856
36047116000,29375
36047116200,43476
36047116400,37263
36047116600,32461
36047116800,32024
36047117000,35652
36047117201,49250
36047117202,46250
36047117400,48851
36047117601,44292
36047117602,38571
36047117800,37083
36047118000,
36047118201,35952
36047118202,42548
36047118400,42935
36047118600,49632
36047118800,30531
36047119000,27946
36047119200,36976
36047119400,33750
36047119600,33315
36047119800,27150
36047120000,31098
36047120200,34135
36047120800,35518
36047121000,16030
36047121400,17669
36047122000,40690
36047123700,30000
36047150200,96494
36047152200,84500
36047990100,
36049950100,44063
36049950200,46232
36049950300,49631
36049950400,45658
36049950500,47679
36049950600,37917
36049950700,47729
36051030100,56406
36051030201,53075
36051030202,63154
36051030300,57051
36051030400,54643
36051030500,
36051030600,49135
36051030700,67736
36051030800,55625
36051030900,33873
36051031000,
36051031100,58125
36051031200,41847
36051031300,50031
36051031400,38288
36053030101,46393
36053030102,35459
36053030103,60114
36053030200,50392
36053030300,46058
36053030401,59960
36053030402,64360
36053030403,62213
36053030501,53902
36053030502,72055
36053030600,55407
36053030700,57423
36053030800,48311
36053030900,62719
36053031000,43654
36053031100,41150
36055000200,13514
36055000700,18092
36055001000,50783
36055001300,16408
36055001500,21711
36055001800,39754
36055001900,36094
36055002000,34565
36055002100,37105
36055002200,21548
36055002300,17220
36055002400,21175
36055002700,18833
36055002900,45417
36055003000,37131
36055003100,46197
36055003200,15287
36055003300,20366
36055003400,39833
36055003500,62679
36055003600,47083
36055003700,48242
36055003802,
36055003805,28168
36055003900,26602
36055004000,21042
36055004100,17431
36055004602,19306
36055004701,21861
36055004702,27817
36055004800,23750
36055004900,20685
36055005000,15255
36055005100,23125
36055005200,18826
36055005300,20664
36055005400,47115
36055005500,22903
36055005600,21806
36055005700,20959
36055005800,31178
36055005900,26667
36055006000,44347
36055006100,59353
36055006200,30529
36055006300,42610
36055006400,19756
36055006500,17092
36055006600,23816
36055006700,34348
36055006800,44911
36055006900,22188
36055007000,38789
36055007100,41286
36055007500,19241
36055007600,56622
36055007700,43594
36055007801,55577
36055007802,77500
36055007900,18301
36055008000,23500
36055008100,32639
36055008200,35227
36055008301,32739
36055008400,29038
36055008500,23267
36055008600,43956
36055008701,37184
36055008702,28158
36055008800,30241
36055009200,17546
36055009301,11842
36055009302,30625
36055009400,12465
36055009500,33954
36055009601,20653
36055009602,23545
36055009603,18953
36055009604,35664
36055010100,51303
36055010200,80189
36055010300,71403
36055010400,42209
36055010500,77168
36055010601,41705
36055010602,53085
36055010700,57008
36055010800,54444
36055010901,29602
36055010902,37473
36055011000,60409
36055011100,56786
36055011201,68182
36055011203,71410
36055011205,91801
36055011207,64405
36055011208,47660
36055011301,100000
36055011302,82566
36055011400,44167
36055011501,87391
36055011503,93910
36055011504,87331
36055011505,90449
36055011601,59904
36055011603,31813
36055011604,60431
36055011605,78355
36055011703,90327
36055011705,69698
36055011706,91318
36055011707,96236
36055011708,141061
36055011800,68201
36055011901,63566
36055011902,63600
36055012000,43611
36055012100,51400
36055012201,94405
36055012202,90388
36055012301,85921
36055012304,102565
36055012305,129583
36055012306,129219
36055012401,70536
36055012402,110372
36055012500,68523
36055012600,70875
36055012700,81988
36055012800,60313
36055012900,76786
36055013001,37860
36055013002,63125
36055013101,56786
36055013103,42656
36055013104,41783
36055013203,63125
36055013204,70510
36055013205,65306
36055013206,75043
36055013300,88672
36055013401,51506
36055013402,65808
36055013503,81922
36055013505,42594
36055013506,68678
36055013507,87842
36055013508,76892
36055013601,47768
36055013603,72963
36055013604,55417
36055013701,54907
36055013702,55817
36055013800,48601
36055013901,47955
36055013902,40720
36055014001,48633
36055014003,47109
36055014004,46716
36055014102,58913
36055014103,55045
36055014104,52614
36055014202,57735
36055014203,46232
36055014204,60543
36055014301,33181
36055014302,49688
36055014400,56375
36055014501,69324
36055014503,61436
36055014504,80481
36055014505,53992
36055014601,59186
36055014602,53083
36055014700,55063
36055014802,64243
36055014803,84940
36055014804,60479
36055014901,64412
36055014903,86189
36055014905,78561
36055014906,62917
36055015000,63073
36055015101,64846
36055015102,59814
36055015200,66051
36055015301,29398
36055015303,51250
36055015304,49250
36055015400,70710
36055980000,
36055980100,
36055990000,
36057070200,25238
36057070300,28947
36057070400,43958
36057070500,56906
36057070600,30030
36057070700,53370
36057070800,34255
36057070900,30441
36057072100,59792
36057072200,50925
36057072300,42050
36057072400,35978
36057072500,36169
36057072600,50841
36057072700,57581
36057072800,56481
36059300100,120417
36059300300,78147
36059300400,99875
36059300500,115511
36059300600,120313
36059300700,58750
36059300800,119737
36059300900,136168
36059301000,163415
36059301101,71446
36059301102,113036
36059301200,117292
36059301300,79972
36059301400,139375
36059301500,221023
36059301600,217000
36059301700,197750
36059301800,84970
36059301900,177969
36059302000,110966
36059302101,155417
36059302102,166250
36059302200,92750
36059302300,160236
36059302400,86875
36059302501,163750
36059302502,166346
36059302600,116681
36059302700,91000
36059302800,113295
36059302900,110670
36059303000,96674
36059303101,125000
36059303102,117724
36059303201,110189
36059303202,63772
36059303301,106477
36059303302,110806
36059303400,156607
36059303500,98199
36059303600,61121
36059303700,82408
36059303800,86920
36059303900,119375
36059304001,114516
36059304002,64226
36059304100,78306
36059304202,86034
36059304203,89205
36059304204,39926
36059404300,96438
36059404400,111563
36059404500,83036
36059404600,124722
36059404700,99888
36059404800,99792
36059404901,107045
36059404902,53783
36059405000,87500
36059405100,86467
36059405200,81726
36059405301,85707
36059405302,89118
36059405400,79554
36059405500,96346
36059405600,83446
36059405700,98776
36059405800,88984
36059405900,101944
36059406001,95923
36059406002,96250
36059406100,106167
36059406201,89375
36059406202,103333
36059406300,146615
36059406400,122978
36059406501,186023
36059406600,151853
36059406701,55933
36059406702,38486
36059406801,39860
36059406802,51875
36059406900,50729
36059407000,42780
36059407101,70116
36059407102,83629
36059407201,40978
36059407203,77083
36059407204,73125
36059407301,90556
36059407302,76756
36059407401,78657
36059407402,70208
36059407501,66157
36059407502,75798
36059407600,91746
36059407700,108625
36059407801,89556
36059407802,28566
36059407900,73500
36059408000,107564
36059408100,101667
36059408200,100330
36059408300,95533
36059408400,102750
36059408500,103004
36059408600,109625
36059408700,105568
36059408800,90323
36059408900,98934
36059409000,92768
36059409100,93173
36059409200,93060
36059409300,108237
36059409400,113542
36059409500,107885
36059409600,105967
36059409700,88723
36059409800,96786
36059409900,104268
36059410000,98393
36059410100,116417
36059410200,114018
36059410300,82766
36059410400,97688
36059410500,75421
36059410600,96979
36059410700,85530
36059410800,92861
36059410900,108995
36059411000,53721
36059411100,47453
36059411200,78695
36059411301,123466
36059411302,144712
36059411400,131250
36059411500,179444
36059411600,133958
36059411700,100882
36059411800,100245
36059411901,64609
36059411902,94606
36059412000,83409
36059412100,85806
36059412200,97790
36059412301,76853
36059412302,104514
36059412400,55735
36059412500,157961
36059412600,164329
36059412700,197841
36059412800,104554
36059412900,100640
36059413001,80542
36059413002,94031
36059413100,102026
36059413200,82149
36059413300,90556
36059413400,118047
36059413500,106628
36059413600,72500
36059413700,106667
36059413803,86458
36059413804,115511
36059413900,57553
36059414001,85389
36059414002,70521
36059414100,90167
36059414201,67100
36059414202,62321
36059414301,42097
36059414303,88472
36059414304,31625
36059414400,44761
36059414501,92254
36059414502,92742
36059414600,99250
36059414700,121198
36059414800,103031
36059414900,92604
36059415000,114148
36059415101,131953
36059415102,156458
36059415201,142500
36059415202,157500
36059415300,96993
36059415401,106125
36059415402,138534
36059415500,95481
36059415600,131719
36059415700,121054
36059415802,125994
36059416000,117031
36059416100,93642
36059416201,92566
36059416202,64974
36059416300,124375
36059416401,93211
36059416402,91087
36059416500,71500
36059416600,94623
36059416701,81612
36059416702,81513
36059416801,115473
36059416802,80682
36059416900,140556
36059517000,107833
36059517101,63750
36059517102,118958
36059517200,52768
36059517301,72900
36059517302,63000
36059517400,103125
36059517500,130057
36059517600,104250
36059517701,190278
36059517705,241250
36059517801,155341
36059517802,81875
36059517901,106848
36059517902,95333
36059518000,79732
36059518100,130307
36059518201,195000
36059518203,133942
36059518204,161842
36059518300,145476
36059518400,151458
36059518501,166938
36059518502,101042
36059518600,172067
36059518700,101204
36059518800,140160
36059518900,114107
36059519000,104688
36059519100,98839
36059519200,89097
36059519300,76535
36059519400,94183
36059519500,97031
36059519601,108125
36059519602,144340
36059519702,110000
36059519703,138405
36059519704,128000
36059519801,105078
36059519802,112550
36059519900,113222
36059520001,76806
36059520002,92386
36059520100,106250
36059520200,107829
36059520300,99766
36059520401,82026
36059520402,63925
36059520501,102837
36059520502,101250
36059520600,106067
36059520700,95660
36059520800,90036
36059520900,122500
36059521000,87173
36059521100,109254
36059521200,124712
36059521301,114926
36059521302,120051
36059521400,152679
36059521500,122069
36059521601,103456
36059521602,104792
36059521700,105167
36059521801,103266
36059521802,122292
36059521902,129565
36059522000,76121
36059522700,123584
36059980100,
36059981100,
36059982100,
36059990100,
36059990200,
36059990301,
36059990302,
36059990400,
36061000100,
36061000201,19333
36061000202,26355
36061000500,
36061000600,19643
36061000700,122648
36061000800,24965
36061000900,165313
36061001001,84130
36061001002,18270
36061001200,46750
36061001300,120861
36061001401,87426
36061001402,35455
36061001501,64335
36061001502,113646
36061001600,35021
36061001800,45500
36061002000,17506
36061002100,215745
36061002201,38981
36061002202,83309
36061002400,25833
36061002500,15652
36061002601,52773
36061002602,54938
36061002700,50893
36061002800,32129
36061002900,35774
36061003001,67700
36061003002,53047
36061003100,160811
36061003200,64789
36061003300,202153
36061003400,66623
36061003601,40433
36061003602,62667
36061003700,89762
36061003800,61404
36061003900,102115
36061004000,84713
36061004100,41458
36061004200,139000
36061004300,68483
36061004400,92173
36061004500,134750
36061004700,77205
36061004800,104549
36061004900,98047
36061005000,92760
36061005200,174286
36061005400,122798
36061005501,119853
36061005502,114643
36061005600,120547
36061005700,156500
36061005800,122661
36061005900,111058
36061006000,103824
36061006100,101685
36061006200,93750
36061006300,104857
36061006400,90798
36061006500,81389
36061006600,77254
36061006700,86563
36061006800,101411
36061006900,160642
36061007000,93028
36061007100,127017
36061007200,102117
36061007300,109321
36061007400,140242
36061007500,100208
36061007600,88333
36061007700,100125
36061007800,119475
36061007900,128571
36061008000,109276
36061008100,104647
36061008200,99057
36061008300,54975
36061008400,125243
36061008601,143000
36061008602,
36061008603,148060
36061008700,108154
36061008800,92581
36061008900,85678
36061009000,112903
36061009100,107241
36061009200,118875
36061009300,90819
36061009400,41250
36061009500,144444
36061009600,99444
36061009700,46023
36061009800,104198
36061009900,132462
36061010000,86156
36061010100,142167
36061010200,160729
36061010300,90879
36061010400,98438
36061010601,123435
36061010602,116250
36061010800,107448
36061010900,131250
36061011000,108672
36061011100,92446
36061011201,167596
36061011202,150125
36061011203,90188
36061011300,124605
36061011401,175475
36061011402,132500
36061011500,72402
36061011600,71113
36061011700,106423
36061011800,123019
36061011900,11981
36061012000,138258
36061012100,61786
36061012200,162192
36061012400,112525
36061012500,139615
36061012600,95402
36061012700,64962
36061012800,170250
36061012900,87222
36061013000,250001
36061013100,97303
36061013200,73546
36061013300,77619
36061013400,99897
36061013500,56026
36061013600,95052
36061013700,112685
36061013800,95208
36061013900,80896
36061014000,126507
36061014200,221176
36061014300,
36061014401,110583
36061014402,97412
36061014500,179722
36061014601,106264
36061014602,90805
36061014700,108036
36061014801,145083
36061014802,107795
36061014900,137794
36061015001,131484
36061015002,151684
36061015100,63545
36061015200,71618
36061015300,120037
36061015400,81963
36061015500,111431
36061015601,89375
36061015602,44643
36061015700,109953
36061015801,117457
36061015802,96250
36061015900,108539
36061016001,171681
36061016002,91048
36061016100,118250
36061016200,25710
36061016300,103250
36061016400,34267
36061016500,123834
36061016600,35706
36061016700,116111
36061016800,26600
36061016900,96528
36061017000,34528
36061017100,117398
36061017200,35197
36061017300,108173
36061017401,23916
36061017402,44766
36061017500,126901
36061017700,57477
36061017800,27079
36061017900,88287
36061018000,24577
36061018100,67742
36061018200,23446
36061018300,88897
36061018400,25380
36061018500,94297
36061018600,20963
36061018700,97083
36061018800,29648
36061018900,30417
36061019000,57275
36061019100,90711
36061019200,16417
36061019300,33885
36061019400,16051
36061019500,91504
36061019600,16971
36061019701,84500
36061019702,60439
36061019800,76026
36061019900,64931
36061020000,66837
36061020101,72212
36061020102,44810
36061020300,26830
36061020500,112250
36061020600,33139
36061020701,50125
36061020800,34475
36061020901,24054
36061021000,32069
36061021100,56053
36061021200,51362
36061021303,34336
36061021400,37519
36061021500,32326
36061021600,43454
36061021703,
36061021800,51217
36061021900,16818
36061022000,33710
36061022102,41563
36061022200,37317
36061022301,31122
36061022302,23208
36061022400,25409
36061022500,45429
36061022600,35967
36061022700,45375
36061022800,39167
36061022900,33060
36061023000,34522
36061023100,39892
36061023200,27439
36061023300,36465
36061023400,32210
36061023501,39913
36061023502,30288
36061023600,37647
36061023700,36489
36061023801,76594
36061023802,120682
36061023900,35238
36061024000,
36061024100,42038
36061024200,18931
36061024301,32394
36061024302,19955
36061024500,32789
36061024700,30943
36061024900,35625
36061025100,34773
36061025300,35313
36061025500,49702
36061025700,71417
36061025900,53992
36061026100,28792
36061026300,28178
36061026500,46229
36061026700,34844
36061026900,27551
36061027100,47618
36061027300,71019
36061027500,90318
36061027700,26517
36061027900,47184
36061028100,94044
36061028300,45505
36061028500,34409
36061028700,45250
36061029100,31789
36061029300,33707
36061029500,60663
36061029700,
36061029900,21373
36061030300,54167
36061030700,68281
36061030900,25487
36061031100,
36061031703,176406
36061031704,150489
36061031900,
36063020100,51531
36063020200,21023
36063020300,33281
36063020400,31797
36063020500,15489
36063020600,28182
36063020700,30967
36063020900,14800
36063021000,24032
36063021100,20938
36063021200,24545
36063021300,20392
36063021400,34787
36063021700,35679
36063022000,33221
36063022100,44792
36063022200,50577
36063022300,56513
36063022401,48750
36063022500,45055
36063022601,52518
36063022602,45583
36063022702,73426
36063022711,66091
36063022712,63013
36063022803,74036
36063022804,70179
36063022901,30833
36063022902,48237
36063023001,34893
36063023100,45431
36063023200,27321
36063023300,42123
36063023401,62750
36063023402,73798
36063023404,66154
36063023405,37094
36063023500,32688
36063023600,37191
36063023700,23023
36063023800,37730
36063023901,44471
36063023902,54949
36063024001,51213
36063024002,53125
36063024101,59150
36063024102,53222
36063024201,51733
36063024202,52981
36063024301,50234
36063024302,59400
36063024303,61518
36063024401,53011
36063024404,72835
36063024405,63333
36063024406,62500
36063024501,68333
36063024502,57250
36063024600,49148
36063940001,39333
36063940100,
36063990000,
36065020102,25664
36065020300,13862
36065020705,44946
36065020802,27281
36065020803,19447
36065020900,22560
36065021000,15547
36065021101,18490
36065021102,27791
36065021103,27151
36065021201,29211
36065021202,32667
36065021301,34190
36065021302,35027
36065021303,54665
36065021401,26794
36065021402,23323
36065021500,19965
36065021601,54923
36065021602,53887
36065021701,58358
36065021702,44433
36065021900,38688
36065022000,27522
36065022100,52413
36065022200,67639
36065022400,51017
36065022500,24503
36065022701,66889
36065022702,66303
36065022800,51946
36065023000,79602
36065023200,48881
36065023300,41156
36065023400,35208
36065023501,70000
36065023502,77951
36065023702,65273
36065023901,66016
36065023902,66806
36065024000,68143
36065024101,48445
36065024102,53924
36065024200,53125
36065024301,73936
36065024302,62037
36065024303,59531
36065024400,40972
36065024500,50047
36065024700,58205
36065024800,58500
36065024900,57394
36065025001,57150
36065025002,66098
36065025003,87721
36065025100,51098
36065025200,48706
36065025300,70357
36065025400,76071
36065025500,52344
36065025600,53299
36065025700,43426
36065025800,49297
36065025900,
36065026100,59770
36065026200,63941
36065026300,29666
36065026400,17953
36065026500,
36065026600,
36065026700,48689
36065980002,
36065980003,
36065980100,
36067000100,31771
36067000200,32793
36067000300,50250
36067000400,42418
36067000501,22202
36067000600,26487
36067000700,34816
36067000800,24960
36067000900,67236
36067001000,30989
36067001400,22424
36067001500,23587
36067001600,22564
36067001701,27331
36067001702,44549
36067001800,42500
36067001900,47381
36067002000,30884
36067002101,25625
36067002300,20571
36067002400,24609
36067002700,42169
36067002901,46875
36067003000,13891
36067003200,26438
36067003400,14668
36067003500,15819
36067003601,29453
36067003602,38346
36067003800,27500
36067003900,16607
36067004000,26736
36067004200,12134
36067004301,9089
36067004302,9490
36067004400,17587
36067004500,41287
36067004600,77315
36067004800,62727
36067004900,38450
36067005000,64907
36067005100,21272
36067005200,25329
36067005300,20550
36067005400,28929
36067005500,27540
36067005601,80000
36067005602,12448
36067005700,35662
36067005800,28090
36067005900,34500
36067006000,34870
36067006101,24886
36067006102,23773
36067006103,61304
36067010100,73333
36067010200,70645
36067010301,59513
36067010321,98750
36067010322,78903
36067010400,66466
36067010500,70192
36067010600,55352
36067010700,41944
36067010800,45348
36067010900,55035
36067011011,53081
36067011012,59923
36067011021,75959
36067011022,63679
36067011101,70205
36067011102,42312
36067011201,58537
36067011202,80281
36067011231,70407
36067011232,84745
36067011241,93438
36067011242,72296
36067011300,59762
36067011401,82378
36067011402,70455
36067011500,92222
36067011600,66915
36067011700,39728
36067011800,53869
36067011900,76927
36067012000,61464
36067012100,85107
36067012200,47250
36067012300,71667
36067012400,62431
36067012500,53846
36067012600,70954
36067012700,49213
36067012800,61556
36067012900,35664
36067013000,46215
36067013100,67419
36067013200,68235
36067013300,60909
36067013400,68070
36067013500,59068
36067013600,54864
36067013701,40808
36067013800,58375
36067013900,43804
36067014000,49970
36067014200,43245
36067014300,27114
36067014400,45168
36067014500,52548
36067014600,56406
36067014700,93792
36067014800,106330
36067014900,73229
36067015000,87639
36067015100,62018
36067015201,83125
36067015202,123281
36067015203,95677
36067015400,65362
36067015500,72965
36067015601,70810
36067015700,91974
36067015800,65318
36067016001,76648
36067016002,91563
36067016100,70833
36067016200,50769
36067016300,73267
36067016400,64424
36067016501,71964
36067016502,73631
36067016600,72891
36067016700,118571
36067016801,70938
36067016802,65702
36067016901,70125
36067016902,71188
36067940000,
36069050101,93400
36069050102,73014
36069050201,55723
36069050202,66339
36069050301,58409
36069050302,52888
36069050400,59986
36069050500,61667
36069050601,66913
36069050602,51534
36069050800,48913
36069050900,65045
36069051000,32455
36069051100,40549
36069051200,61130
36069051300,58750
36069051400,61051
36069051500,57039
36069051600,49549
36069051700,29337
36069051800,33640
36069051900,46490
36069052000,54666
36069052100,63587
36069052200,44536
36071000100,55069
36071000200,50536
36071000300,43537
36071000400,26076
36071000501,25313
36071000502,38252
36071000600,27056
36071001100,53151
36071001200,50000
36071001300,80179
36071001500,41916
36071001600,62533
36071002100,38750
36071002200,24507
36071002300,50750
36071010101,95233
36071010102,83214
36071010200,83523
36071010300,87892
36071010400,61595
36071010500,87630
36071010600,90532
36071010700,53396
36071010801,63750
36071010802,73534
36071010901,64336
36071010902,85532
36071011000,67656
36071011101,84476
36071011102,61419
36071011200,81919
36071011300,43520
36071011400,83423
36071011500,80305
36071011601,50063
36071011602,46506
36071011701,76678
36071011702,96320
36071011801,67768
36071011802,114926
36071011900,92582
36071012100,65119
36071012200,95990
36071012300,99858
36071012601,83816
36071012602,41787
36071012700,54028
36071012800,80484
36071012900,86594
36071013000,81446
36071013100,83365
36071013201,91167
36071013202,77222
36071013300,94048
36071013400,70250
36071013500,125648
36071013600,98555
36071013700,56066
36071013800,78859
36071013900,105217
36071014101,100096
36071014102,92131
36071014201,113365
36071014202,119071
36071014301,68986
36071014302,124271
36071014400,82305
36071014501,87405
36071014502,87563
36071014600,66343
36071014700,94868
36071014800,68255
36071014900,93490
36071015003,15455
36071015004,22903
36071015005,39153
36071015006,24493
36071015100,32106
36071015200,90135
36073040200,53846
36073040300,46875
36073040400,46676
36073040500,28571
36073040600,61719
36073040700,32388
36073040801,57747
36073040802,44116
36073401200,53125
36073401300,56898
36073990000,
36075020100,49557
36075020200,41603
36075020301,34688
36075020302,50766
36075020400,51592
36075020500,49295
36075020600,49360
36075020701,53690
36075020702,56833
36075020703,55395
36075020800,49068
36075020901,37813
36075020902,65651
36075021000,58586
36075021101,33776
36075021102,23430
36075021103,51958
36075021104,33644
36075021200,50239
36075021300,46786
36075021401,72518
36075021402,69286
36075021501,53333
36075021502,50144
36075021601,31322
36075021602,38843
36075021603,55559
36075021604,32242
36075021605,40308
36075990000,
36077590100,52961
36077590201,49152
36077590202,51750
36077590300,44583
36077590400,51452
36077590500,49743
36077590600,47750
36077590700,50060
36077590800,55938
36077590900,36838
36077591000,42386
36077591100,28333
36077591200,47639
36077591300,98362
36077591400,47982
36077591500,50143
36077591600,45094
36079010100,83363
36079010200,100265
36079010300,78382
36079010400,82417
36079010500,110513
36079010600,104688
36079010700,72024
36079010800,106853
36079010900,91823
36079011000,103047
36079011100,107404
36079011200,95213
36079011300,111389
36079011400,106037
36079011500,97540
36079011600,106925
36079011700,109915
36079011800,77615
36079011900,90000
36081000100,123056
36081000200,56750
36081000400,60938
36081000600,59000
36081000700,77475
36081000800,61159
36081001000,63102
36081001200,64808
36081001400,68571
36081001600,49510
36081001800,58000
36081001900,83235
36081002000,74432
36081002200,56161
36081002400,81071
36081002500,20830
36081002600,92946
36081002800,66045
36081003000,48917
36081003100,50000
36081003200,75509
36081003300,47500
36081003400,75962
36081003600,66274
36081003700,
36081003800,49010
36081003900,41553
36081004001,60385
36081004002,52721
36081004200,57835
36081004300,16154
36081004401,48689
36081004500,63261
36081004700,26023
36081005000,
36081005100,44464
36081005200,57656
36081005300,50881
36081005400,59208
36081005500,57981
36081005700,52346
36081005800,66414
36081005900,62008
36081006100,59401
36081006201,54022
36081006202,56046
36081006300,53610
36081006501,57341
36081006502,56123
36081006900,46926
36081007100,56677
36081007300,65112
36081007500,45933
36081007700,78523
36081007900,38301
36081008100,52228
36081008300,47692
36081008500,31701
36081008600,71316
36081008700,23807
36081008800,81598
36081009100,62917
36081009400,54522
36081009500,61875
36081009600,53286
36081009700,71103
36081009800,65833
36081009900,
36081010000,80096
36081010100,54313
36081010200,62105
36081010300,51586
36081010400,55375
36081010500,48438
36081010600,56284
36081010701,
36081010800,58021
36081011000,48723
36081011100,75375
36081011200,50521
36081011300,58201
36081011400,44464
36081011500,51518
36081011600,50987
36081011700,66806
36081011800,52135
36081011900,49375
36081012000,65000
36081012100,60486
36081012200,48963
36081012301,63611
36081012400,46976
36081012500,56736
36081012601,58559
36081012602,59231
36081012800,61875
36081013000,62321
36081013200,75469
36081013400,59596
36081013500,57121
36081013600,52885
36081013700,54194
36081013800,53547
36081014000,67606
36081014100,59583
36081014201,56522
36081014202,62750
36081014300,54886
36081014400,54063
36081014500,54211
36081014700,47378
36081014800,60000
36081014900,68935
36081015000,76364
36081015100,59167
36081015200,61389
36081015300,54625
36081015400,49205
36081015500,65139
36081015600,50509
36081015700,46000
36081015801,49347
36081015802,62589
36081015900,49097
36081016100,52238
36081016300,28786
36081016400,63269
36081016600,51250
36081016800,65446
36081016900,59594
36081017000,47643
36081017100,
36081017200,70208
36081017400,63523
36081017600,51429
36081017800,44128
36081017900,42895
36081018000,50682
36081018101,39664
36081018102,52679
36081018200,57105
36081018300,60135
36081018401,59500
36081018402,65000
36081018501,54007
36081018502,62230
36081018600,62417
36081018700,65625
36081018800,75972
36081018900,53640
36081019000,65833
36081019200,50966
36081019400,63445
36081019600,55481
36081019800,34500
36081019900,64917
36081020200,57163
36081020400,40859
36081020500,47500
36081020600,54766
36081020800,57891
36081021200,34427
36081021400,49599
36081021600,62903
36081021900,
36081022001,60213
36081022002,60077
36081022900,
36081023000,100417
36081023200,63750
36081023500,46600
36081023600,41250
36081023800,37313
36081024000,36453
36081024300,60798
36081024500,51615
36081024600,
36081024700,50189
36081024900,59383
36081025100,45452
36081025301,53952
36081025302,53235
36081025400,32574
36081025500,73482
36081025700,63000
36081025800,55694
36081025900,45789
36081026000,43707
36081026100,47301
36081026200,49130
36081026300,49263
36081026400,46742
36081026500,49359
36081026600,28160
36081026700,49563
36081026901,51235
36081026902,36778
36081027000,55313
36081027100,48900
36081027200,73621
36081027300,39833
36081027400,54681
36081027500,53462
36081027600,39904
36081027700,37981
36081027800,38100
36081027900,41042
36081028000,66518
36081028100,51865
36081028200,66250
36081028300,52803
36081028400,75717
36081028500,68490
36081028700,44657
36081028800,71250
36081028900,50817
36081029100,40074
36081029300,60958
36081029400,57386
36081029500,71393
36081029700,64792
36081029900,
36081030600,76593
36081030902,44570
36081030903,53233
36081030904,51587
36081031700,58295
36081032000,72733
36081032700,55750
36081032800,64464
36081032900,65843
36081033000,67604
36081033100,
36081033401,71167
36081033402,43579
36081033700,42065
36081033900,50469
36081034700,48944
36081035100,60339
36081035200,70685
36081035300,51875
36081035700,45339
36081035800,67582
36081036100,42750
36081036300,59453
36081036500,55875
36081036600,72092
36081036700,63173
36081036800,70909
36081037100,60074
36081037300,56964
36081037500,42902
36081037600,78734
36081037700,42708
36081037900,52259
36081038100,49046
36081038301,
36081038302,
36081038400,70906
36081039400,57035
36081039800,68611
36081039900,46520
36081040000,62292
36081040100,46728
36081040200,75313
36081040300,52899
36081040400,49216
36081040500,50667
36081040700,45208
36081040900,47208
36081041100,44491
36081041300,52765
36081041400,39799
36081041500,36456
36081042400,98462
36081042600,
36081042700,50746
36081043200,84600
36081043400,72083
36081043701,41402
36081043702,42879
36081043900,36813
36081044000,55903
36081044301,25274
36081044302,56667
36081044400,27750
36081044601,46953
36081044602,41189
36081044800,43935
36081045000,50313
36081045200,39063
36081045400,58194
36081045500,49911
36081045600,61324
36081045700,62691
36081045800,65139
36081045900,55529
36081046000,25894
36081046100,50380
36081046200,37055
36081046300,35134
36081046400,78750
36081046500,46719
36081046600,58235
36081046700,44444
36081046800,44777
36081046900,40383
36081047000,65313
36081047100,32377
36081047200,67474
36081047300,53038
36081047500,49056
36081047600,104750
36081047800,69485
36081047900,58966
36081048000,62500
36081048100,37871
36081048200,60938
36081048300,49255
36081048400,54412
36081048500,53967
36081048900,52083
36081049200,50637
36081049301,58966
36081049302,48482
36081049500,60968
36081049600,70573
36081049700,52653
36081049900,52593
36081050000,43575
36081050201,72377
36081050202,68750
36081050400,59870
36081050500,66364
36081050600,62500
36081050700,73977
36081050800,59797
36081051000,94922
36081051100,62250
36081051200,78618
36081051300,56853
36081051500,66719
36081051600,68250
36081051700,47027
36081051800,81750
36081052000,94938
36081052100,61250
36081052200,79896
36081052400,72593
36081052500,65208
36081052600,81290
36081052800,57557
36081053000,54189
36081053100,41919
36081053200,86453
36081053401,78370
36081053500,63409
36081053601,72222
36081053800,72250
36081053900,51902
36081054000,44191
36081054200,82500
36081054500,49091
36081054700,47479
36081054800,82750
36081054900,42199
36081055100,37420
36081055200,62944
36081055300,38125
36081055400,78568
36081055500,44821
36081055600,76676
36081055700,40825
36081055800,78500
36081055900,49500
36081056000,57292
36081056100,112000
36081056200,47500
36081056400,50880
36081056500,38235
36081056600,89141
36081056700,66743
36081056800,65294
36081057700,52650
36081057900,29688
36081058000,75313
36081058100,53260
36081058200,76745
36081058300,52788
36081058500,52660
36081058700,43250
36081058900,40652
36081059000,69609
36081059100,43891
36081059200,59904
36081059300,47254
36081059400,110129
36081059500,57534
36081059600,79459
36081059800,66169
36081059900,59286
36081060000,64702
36081060100,65087
36081060300,66786
36081060600,84821
36081060701,
36081060800,92339
36081061000,71985
36081061200,96250
36081061301,53125
36081061302,
36081061400,101406
36081061601,88506
36081061602,90192
36081061800,62564
36081061900,65227
36081062000,84196
36081062100,55117
36081062200,78714
36081062300,49861
36081062400,
36081062500,65375
36081062600,84844
36081062700,61331
36081062900,47278
36081063000,78287
36081063200,86458
36081063301,65682
36081063302,72208
36081063500,51397
36081063700,66771
36081063800,87943
36081063900,72953
36081064101,54743
36081064102,35417
36081064500,82406
36081064600,79583
36081065000,90469
36081065400,87219
36081065501,
36081065600,66215
36081065702,70556
36081065703,62083
36081065900,103242
36081066000,96420
36081066100,80521
36081066300,76806
36081066400,86658
36081066501,61577
36081066701,74583
36081066900,74297
36081067100,64338
36081067700,113833
36081067900,44531
36081068000,79081
36081068200,96518
36081068300,58413
36081068700,55625
36081069000,71607
36081069300,54450
36081069400,81406
36081069500,53063
36081069701,50714
36081069702,71719
36081070300,67222
36081070700,92069
36081070900,94716
36081071100,57853
36081071303,74567
36081071304,56684
36081071305,76431
36081071306,56094
36081071600,
36081071701,49304
36081071702,42391
36081071900,53594
36081072100,50357
36081072300,122083
36081072900,89167
36081073100,105962
36081073700,74237
36081073900,76185
36081074100,67875
36081074300,51418
36081074500,35958
36081074700,61029
36081074900,97016
36081075701,66151
36081075702,79495
36081076901,80480
36081076902,78654
36081077300,71750
36081077500,82738
36081077902,90327
36081077903,65959
36081077904,65859
36081077905,71000
36081077906,50859
36081077907,51029
36081077908,49572
36081078800,58807
36081079000,60000
36081079200,70781
36081079300,
36081079701,53136
36081079702,30297
36081079900,55215
36081080301,48393
36081080302,53715
36081080900,75526
36081081400,51189
36081081800,58000
36081083700,52241
36081083800,61573
36081084000,58125
36081084500,28414
36081084601,75227
36081084602,59688
36081084900,38438
36081085300,29359
36081085500,51111
36081085700,37245
36081085900,40399
36081086100,53942
36081086300,29665
36081086400,68199
36081086500,40156
36081086900,49886
36081087100,21154
36081088400,75923
36081088901,41379
36081089200,90362
36081090700,31689
36081091601,87636
36081091602,
36081091800,
36081091900,58875
36081092200,114784
36081092500,49556
36081092800,127609
36081092900,63242
36081093401,88648
36081093402,80907
36081093800,47161
36081093900,68929
36081094201,56912
36081094202,50602
36081094203,46178
36081094500,64688
36081094700,61983
36081095400,62772
36081096400,71685
36081097202,22366
36081097203,17763
36081097204,44821
36081097300,93533
36081098100,73839
36081098700,85678
36081099100,90656
36081099200,46250
36081099701,60035
36081099703,90694
36081099704,66944
36081099705,52170
36081099801,53152
36081099802,22288
36081099900,
36081100801,81821
36081100802,60948
36081101001,30526
36081101002,22393
36081101700,63277
36081102900,75182
36081103201,35391
36081103202,64444
36081103300,77723
36081103900,71231
36081104700,61385
36081105900,86875
36081107201,69625
36081107202,
36081108500,60370
36081109300,101276
36081109700,97857
36081109900,70250
36081111300,77005
36081112300,78237
36081112900,80417
36081113300,87273
36081113900,54981
36081114100,98162
36081114700,93750
36081115100,89028
36081115500,77167
36081115700,58253
36081115900,49893
36081116100,54605
36081116300,33554
36081116700,37227
36081117100,49597
36081117500,54536
36081118100,58980
36081118500,54556
36081118700,56389
36081118900,61776
36081119100,56179
36081119300,47847
36081119500,86000
36081119900,76667
36081120100,53000
36081120300,70851
36081120500,25072
36081120700,84286
36081121100,
36081121500,57925
36081122300,71513
36081122701,47986
36081122702,16810
36081124100,59113
36081124700,87083
36081125700,52853
36081126500,46563
36081126700,77094
36081127700,105156
36081128300,49688
36081129102,94464
36081129103,70125
36081129104,85741
36081130100,71620
36081133300,86719
36081133900,89038
36081134100,86250
36081134700,45656
36081136700,65682
36081137700,69485
36081138501,67417
36081138502,
36081139900,88750
36081140300,72143
36081140901,58750
36081140902,94922
36081141700,81308
36081142900,61250
36081143500,75966
36081144100,77500
36081144700,68021
36081145101,71071
36081145102,81875
36081145900,84107
36081146300,71292
36081146700,58568
36081147100,67888
36081147900,83684
36081148300,109750
36081150701,93611
36081150702,77240
36081152901,79625
36081152902,82358
36081155101,64300
36081155102,81701
36081156700,101210
36081157101,81063
36081157102,68864
36081157901,75144
36081157902,81875
36081157903,85102
36081161700,92104
36081162100,76198
36081990100,
36083040100,36563
36083040200,37179
36083040300,34324
36083040400,24554
36083040500,28256
36083040600,23010
36083040700,27710
36083040800,34922
36083040900,31458
36083041000,39091
36083041100,53511
36083041200,69688
36083041300,59489
36083041400,54004
36083051500,39143
36083051600,53634
36083051701,59006
36083051702,50234
36083051800,60013
36083051901,64375
36083051902,72701
36083052002,72411
36083052003,78008
36083052004,78690
36083052101,77692
36083052102,51827
36083052103,67500
36083052201,80858
36083052203,80893
36083052204,90690
36083052301,78591
36083052303,80114
36083052304,80261
36083052402,92768
36083052403,64176
36083052404,88065
36083052501,83308
36083052502,72089
36083052503,67941
36083052601,56875
36083052602,51750
36083052603,59973
36085000300,55909
36085000600,37781
36085000700,40134
36085000800,75545
36085000900,60817
36085001100,41149
36085001700,64107
36085001800,57069
36085002001,75050
36085002002,86125
36085002100,51268
36085002700,27396
36085002900,34510
36085003300,68672
36085003600,82574
36085003900,70208
36085004000,42729
36085004700,71574
36085005000,60563
36085005900,81275
36085006400,51961
36085006700,92392
36085007000,71322
36085007400,82366
36085007500,48578
36085007700,48413
36085008100,30417
36085009601,58021
36085009602,70227
36085009700,72813
36085010500,58083
36085011201,75536
36085011202,77601
36085011401,38843
36085011402,67115
36085012100,87361
36085012200,82563
36085012500,55000
36085012804,63563
36085012805,69264
36085012806,60731
36085013201,95536
36085013203,72378
36085013204,86964
36085013301,14710
36085013302,51923
36085013400,74922
36085013800,83750
36085014100,55163
36085014604,86283
36085014605,79471
36085014606,103311
36085014607,87992
36085014608,90714
36085014700,93519
36085015100,88866
36085015400,
36085015601,85443
36085015602,76755
36085015603,102399
36085016901,65956
36085017005,82950
36085017007,82240
36085017008,92218
36085017009,78269
36085017010,95287
36085017011,73425
36085017012,67917
36085017300,37766
36085017600,99444
36085017700,100227
36085018100,99583
36085018701,81480
36085018702,74263
36085018901,71528
36085018902,76414
36085019700,100250
36085019800,89335
36085020100,82625
36085020700,38060
36085020801,72155
36085020803,89800
36085020804,93036
36085021300,52607
36085022300,71250
36085022600,85352
36085022800,250001
36085023100,61827
36085023900,54886
36085024401,94038
36085024402,79500
36085024700,65694
36085024800,81346
36085025100,89107
36085027301,75795
36085027302,99410
36085027702,60776
36085027704,97255
36085027705,76700
36085027706,64890
36085027900,104659
36085029102,78809
36085029103,76500
36085029104,73475
36085030301,65313
36085030302,76058
36085031901,27386
36085031902,35375
36085032300,43682
36085990100,
36087010101,119358
36087010102,89492
36087010200,83750
36087010501,109578
36087010502,65574
36087010503,141708
36087010601,87356
36087010602,68450
36087010701,58962
36087010702,44732
36087010703,60750
36087010801,142500
36087010802,118370
36087010803,124750
36087010804,121620
36087010901,105813
36087010902,101875
36087011000,116827
36087011101,93146
36087011102,88529
36087011200,125172
36087011301,62263
36087011302,118359
36087011303,87736
36087011401,108618
36087011403,113523
36087011404,95497
36087011405,89722
36087011501,138207
36087011502,101435
36087011504,100666
36087011505,29468
36087011506,22101
36087011601,107941
36087011602,92159
36087011603,94643
36087011700,90690
36087011800,90227
36087011901,97963
36087011902,61371
36087012000,73770
36087012101,52742
36087012102,24702
36087012103,40455
36087012105,25125
36087012106,38631
36087012202,42625
36087012203,54830
36087012204,44514
36087012300,39444
36087012401,50901
36087012402,49952
36087012501,90336
36087012502,120662
36087012600,92986
36087012700,82238
36087012800,123636
36087013001,112386
36087013002,107115
36087013003,110104
36087013100,58469
36087013200,97153
36087013300,93750
36087013401,126979
36087013402,108472
36089490100,37457
36089490200,46364
36089490300,34853
36089490400,45616
36089490500,50500
36089490600,42455
36089490700,39715
36089490800,43059
36089490900,32929
36089491000,47746
36089491100,37986
36089491200,27348
36089491300,52479
36089491400,39250
36089491500,30380
36089491600,46607
36089491700,52225
36089491800,47985
36089491900,
36089492000,56037
36089492100,43750
36089492300,45614
36089492400,47204
36089492500,44667
36089492600,43974
36089492700,37907
36089492800,53274
36089492900,48015
36091060101,59132
36091060102,69483
36091060200,51159
36091060300,52389
36091060400,46597
36091060501,52125
36091060502,50182
36091060503,70868
36091060601,62375
36091060602,59911
36091060701,52423
36091060702,90195
36091060800,65536
36091060901,81132
36091060902,49400
36091061000,56758
36091061100,65372
36091061200,48636
36091061301,124717
36091061302,72060
36091061303,
36091061401,48958
36091061403,82260
36091061404,94844
36091061500,67202
36091061600,82849
36091061701,80152
36091061702,83636
36091061800,58092
36091061901,77288
36091061903,70968
36091062000,73869
36091062100,60476
36091062200,36302
36091062300,39353
36091062403,67892
36091062404,82218
36091062405,53612
36091062406,62603
36091062501,114762
36091062503,94629
36091062505,94435
36091062506,90087
36091062507,70000
36091062508,94857
36091062509,86910
36091062601,112861
36091062602,112982
36091062700,65203
36091062800,50536
36093020101,57341
36093020102,27237
36093020200,27361
36093020300,24032
36093020500,54277
36093020600,55149
36093020700,31370
36093020800,29653
36093020900,19962
36093021001,31204
36093021002,17702
36093021200,48917
36093021400,25833
36093021500,39415
36093021600,41406
36093021700,27617
36093021800,53634
36093031900,88517
36093032000,88048
36093032101,109772
36093032102,115515
36093032200,59375
36093032300,54500
36093032402,67992
36093032403,61190
36093032404,68721
36093032502,66458
36093032503,72337
36093032504,73929
36093032601,98833
36093032602,69792
36093032700,54345
36093032901,74091
36093032902,58646
36093033002,98292
36093033003,54338
36093033004,59773
36093033101,73580
36093033102,90170
36093033200,46935
36093033300,50750
36093033400,57500
36093033500,38526
36095740100,57008
36095740200,46889
36095740300,
36095740400,52861
36095740500,50833
36095740600,51771
36095740700,55486
36095740800,54932
36097950100,57159
36097950200,56111
36097950300,45662
36097950400,43521
36097950500,41593
36099950100,44694
36099950200,41875
36099950300,49781
36099950400,32197
36099950500,44659
36099950600,41632
36099950700,69545
36099950800,57207
36099950900,45536
36099951000,49612
36101960100,48485
36101960200,48638
36101960300,45431
36101960400,41168
36101960500,50000
36101960600,42083
36101960700,37778
36101960800,41641
36101960900,32500
36101961000,42788
36101961100,42474
36101961200,41591
36101961300,45114
36101961400,55375
36101961500,54250
36101961600,61538
36101961700,42047
36101961800,44875
36101961900,49444
36101962000,42743
36101962100,42813
36101962200,49013
36101962300,61310
36101962400,49982
36101962500,34943
36101962600,66944
36101962700,40900
36101962800,54904
36101962900,83000
36101963000,57269
36103110101,208942
36103110102,138520
36103110200,118906
36103110300,120322
36103110401,156161
36103110402,80855
36103110501,123636
36103110502,109474
36103110600,114651
36103110801,129375
36103110803,118958
36103110901,83696
36103110902,48094
36103111001,96250
36103111002,64069
36103111100,63880
36103111201,66000
36103111202,70526
36103111300,153950
36103111401,121964
36103111402,118043
36103111503,65903
36103111504,106007
36103111505,92448
36103111506,100179
36103111601,85729
36103111602,111484
36103111701,96250
36103111703,105574
36103111704,126742
36103111801,100893
36103111802,127625
36103111803,115156
36103111804,109412
36103111900,109905
36103112001,75552
36103112002,107727
36103112102,155417
36103112103,95000
36103112104,157225
36103112204,120045
36103112206,124474
36103112210,117619
36103112211,151128
36103112212,162596
36103112213,134152
36103112214,108115
36103122300,99137
36103122403,77222
36103122404,94259
36103122405,107083
36103122406,60109
36103122501,44598
36103122502,77183
36103122601,77857
36103122602,99375
36103122603,84907
36103122704,76528
36103122705,69167
36103122706,81705
36103122707,102793
36103122801,59206
36103122802,84020
36103122901,77450
36103122902,80129
36103123001,85491
36103123002,94342
36103123101,103456
36103123102,96318
36103123201,68194
36103123202,76086
36103123301,58817
36103123302,56597
36103123401,78421
36103123402,70792
36103123500,66944
36103123600,100172
36103123701,55438
36103123702,68406
36103123801,92528
36103123802,85349
36103123900,78091
36103124001,81429
36103124002,87656
36103124101,94000
36103124102,92946
36103124200,88139
36103124300,72530
36103124401,81950
36103124402,96837
36103124500,99871
36103124601,97969
36103124602,94434
36103134702,79327
36103134703,157563
36103134704,105185
36103134902,111215
36103134903,129063
36103134904,113507
36103134906,97763
36103134907,119464
36103135002,114444
36103135003,108963
36103135004,158625
36103135005,71782
36103135101,108750
36103135102,126000
36103135103,127019
36103135104,109279
36103135201,119792
36103135204,117778
36103135205,96161
36103135208,98750
36103135209,97625
36103135301,104643
36103135303,108083
36103135304,119464
36103135401,108491
36103135402,101026
36103135403,102115
36103145602,66691
36103145603,56397
36103145604,63021
36103145605,78929
36103145701,97615
36103145702,73869
36103145703,62200
36103145704,73023
36103145803,112859
36103145804,91875
36103145805,86716
36103145807,100179
36103145808,96739
36103145901,93102
36103145902,56995
36103145903,89688
36103146001,78611
36103146002,67036
36103146003,72218
36103146102,84028
36103146103,107216
36103146105,61096
36103146106,95270
36103146201,49044
36103146202,87500
36103146203,59934
36103146204,85000
36103146205,100767
36103146206,81172
36103146300,44818
36103146402,99481
36103146403,54299
36103146404,77304
36103146500,92664
36103146604,83056
36103146605,109226
36103146606,100000
36103146607,76837
36103146608,77803
36103146611,80658
36103146612,95625
36103146613,95372
36103146614,101031
36103146615,85786
36103146703,79423
36103146704,90375
36103146705,120577
36103146706,89338
36103146800,91228
36103146901,101463
36103146902,125391
36103147001,108000
36103147003,98425
36103147004,108750
36103147100,115909
36103147200,62875
36103147300,61321
36103147401,80911
36103147402,152528
36103147501,100650
36103147502,113864
36103147503,128750
36103147601,120417
36103147602,74063
36103147701,92909
36103147702,98594
36103147802,124875
36103147803,83813
36103147804,119762
36103147901,64792
36103147902,106806
36103158001,155682
36103158002,158873
36103158006,118309
36103158007,141161
36103158009,127589
36103158010,161563
36103158011,103082
36103158102,86265
36103158103,77039
36103158104,95776
36103158107,88203
36103158108,114185
36103158110,99899
36103158111,92364
36103158112,82344
36103158114,106250
36103158115,105587
36103158116,103911
36103158202,81824
36103158203,109514
36103158205,145500
36103158206,98138
36103158207,119583
36103158304,131934
36103158306,90969
36103158308,77146
36103158309,86763
36103158310,65125
36103158315,83500
36103158317,79609
36103158318,101493
36103158319,90060
36103158320,98393
36103158321,85402
36103158322,87667
36103158323,106389
36103158401,97625
36103158402,128716
36103158403,86575
36103158405,115809
36103158407,87474
36103158408,78065
36103158409,54688
36103158410,29722
36103158502,45241
36103158505,91188
36103158506,97639
36103158507,93050
36103158508,102222
36103158509,75257
36103158510,82781
36103158511,97727
36103158512,112822
36103158604,111337
36103158605,94707
36103158606,90391
36103158607,80694
36103158608,79236
36103158609,94432
36103158704,62027
36103158705,57051
36103158707,91442
36103158708,65417
36103158709,71786
36103158710,81332
36103158711,90781
36103158712,91453
36103158802,103068
36103158803,87263
36103158804,87813
36103158900,62210
36103159000,66801
36103159102,39888
36103159103,47348
36103159105,61881
36103159106,86028
36103159107,96528
36103159108,97037
36103159201,86211
36103159203,100471
36103159204,95030
36103159300,77500
36103159404,54239
36103159406,70966
36103159407,88191
36103159408,89679
36103159410,118016
36103159411,89628
36103159412,80345
36103159505,73858
36103159506,70385
36103159508,69279
36103159509,62321
36103159510,80208
36103159511,67372
36103159512,95434
36103159601,89006
36103159602,93356
36103169701,107477
36103169703,95847
36103169704,47715
36103169800,56176
36103169901,44515
36103169902,72610
36103170001,95076
36103170002,90492
36103170101,56128
36103170201,90331
36103170202,68362
36103180300,78750
36103190401,54378
36103190402,88018
36103190403,67593
36103190502,77500
36103190503,92560
36103190504,102350
36103190601,86719
36103190603,78125
36103190604,76395
36103190704,101250
36103190705,78278
36103190706,76953
36103190707,84669
36103190708,104167
36103190800,92868
36103200901,89375
36103200902,87396
36103201001,74509
36103201003,57159
36103201004,68528
36103201100,78333
36103990100,
36105950100,52940
36105950200,49449
36105950300,57917
36105950400,51821
36105950500,42039
36105950600,48571
36105950700,29431
36105950800,46068
36105950900,42083
36105951000,40667
36105951100,58859
36105951200,55103
36105951300,53278
36105951500,43963
36105951600,32643
36105951700,71775
36105951800,22040
36105951900,45262
36105952000,61579
36105952100,58025
36105952200,52237
36105952300,51250
36105952400,50850
36105952500,54766
36107020100,47500
36107020200,55347
36107020300,70058
36107020401,69209
36107020402,79112
36107020500,51667
36107020600,53662
36107020701,48173
36107020702,54567
36107020703,37708
36109000100,26077
36109000200,12449
36109000300,78750
36109000400,39271
36109000500,58258
36109000600,61270
36109000700,35352
36109000800,40682
36109000900,45313
36109001000,32715
36109001100,43493
36109001200,64625
36109001300,44975
36109001400,56236
36109001500,77353
36109001600,64735
36109001700,52541
36109001800,55504
36109001900,67296
36109002000,61425
36109002100,60291
36109002200,50584
36109002300,62625
36111950100,80536
36111950200,50370
36111950300,63167
36111950400,59096
36111950500,69063
36111950600,61321
36111950900,51615
36111951000,57202
36111951100,57115
36111951200,72450
36111951300,54159
36111951400,43939
36111951500,51837
36111951600,75709
36111951700,32981
36111951800,39091
36111951900,50739
36111952000,46434
36111952100,32640
36111952200,61474
36111952300,53750
36111952400,40878
36111952500,59852
36111952600,72157
36111952700,50391
36111952800,66618
36111952900,70196
36111953000,65329
36111953300,84615
36111953400,53804
36111953500,38347
36111953600,54583
36111953700,75521
36111953800,58887
36111953900,70083
36111954000,54744
36111954100,62784
36111954200,85300
36111954400,79335
36111954500,52411
36111954600,47917
36111954700,49420
36111954800,44180
36111954900,65357
36111955000,62932
36111955300,48304
36111955400,79507
36113070100,51010
36113070200,24489
36113070300,60451
36113070400,48879
36113070500,31380
36113070601,61204
36113070602,66667
36113070701,48452
36113070702,75705
36113070800,49415
36113070900,88603
36113071000,72969
36113072000,63272
36113073000,50264
36113073500,49917
36113074000,45444
36113075000,50655
36113076000,58030
36113078000,58596
36115080100,39803
36115080200,48750
36115080300,54509
36115081000,53250
36115082001,44044
36115082002,50952
36115084000,44848
36115085000,63750
36115086000,49286
36115087000,62500
36115088000,50642
36115089000,58070
36115090000,50186
36115091000,51742
36115092000,42303
36115093000,69219
36115094000,70400
36117020101,81131
36117020102,53333
36117020201,66429
36117020202,89167
36117020301,46458
36117020302,64110
36117020401,79762
36117020402,50246
36117020500,59440
36117020600,54412
36117020700,38446
36117020800,49049
36117020900,44500
36117021000,55354
36117021100,43824
36117021200,38125
36117021400,30813
36117021501,67765
36117021502,40194
36117021600,45294
36117021700,49707
36117021800,41471
36117990100,
36119000101,31081
36119000103,32122
36119000104,
36119000201,36344
36119000202,65320
36119000203,47000
36119000300,27384
36119000401,41536
36119000402,35461
36119000500,17533
36119000600,36051
36119000701,82023
36119000702,64728
36119000801,83071
36119000802,74515
36119000803,68333
36119000900,71875
36119001000,27123
36119001101,30777
36119001102,29907
36119001200,34264
36119001301,90132
36119001302,31712
36119001303,36532
36119001401,76250
36119001402,72000
36119001403,66979
36119001502,65833
36119001503,58889
36119001504,76061
36119001505,54135
36119001600,55213
36119001700,87083
36119001800,86591
36119001900,116442
36119002000,98750
36119002101,80293
36119002103,122450
36119002104,72140
36119002105,113571
36119002106,62596
36119002107,74904
36119002201,97344
36119002202,95392
36119002203,55014
36119002204,84146
36119002300,68715
36119002401,75938
36119002402,75196
36119002403,64085
36119002404,76167
36119002405,60357
36119002600,56193
36119002700,44627
36119002800,33750
36119002900,29714
36119003000,60202
36119003100,27417
36119003200,40833
36119003300,45804
36119003400,54260
36119003500,39125
36119003600,35101
36119003700,50616
36119003800,48413
36119003900,63897
36119004000,50021
36119004100,76406
36119004200,58356
36119004300,92596
36119004400,111546
36119004500,80234
36119004600,123681
36119004700,250001
36119004800,81833
36119004900,84938
36119005001,139226
36119005002,121477
36119005100,71034
36119005200,127632
36119005300,104516
36119005400,219044
36119005500,163750
36119005600,
36119005701,59623
36119005702,51535
36119005800,45638
36119005901,36844
36119005902,66747
36119006000,70647
36119006100,63750
36119006200,45078
36119006300,28750
36119006400,59770
36119006500,63996
36119006600,107083
36119006700,195609
36119006801,166354
36119006802,133990
36119006900,212617
36119007000,156933
36119007100,149507
36119007200,89198
36119007300,57188
36119007401,88661
36119007402,132851
36119007500,152083
36119007600,167833
36119007700,128625
36119007800,48092
36119007900,44144
36119008000,44107
36119008100,56452
36119008200,98938
36119008301,76688
36119008302,153849
36119008401,213141
36119008403,76163
36119008404,74182
36119008500,250001
36119008602,205000
36119008700,76000
36119008800,64177
36119008901,80272
36119008902,61968
36119009000,77865
36119009100,51042
36119009200,67917
36119009300,49219
36119009400,71429
36119009500,63496
36119009600,146071
36119009701,143849
36119009702,109167
36119009703,168472
36119009800,232563
36119009900,250001
36119010000,250001
36119010100,205950
36119010200,164375
36119010300,77125
36119010400,86181
36119010500,114129
36119010600,126667
36119010701,180375
36119010702,126219
36119010801,130000
36119010803,84122
36119010804,98179
36119010901,80375
36119010902,112614
36119010903,87336
36119011000,85433
36119011101,111250
36119011102,151875
36119011200,80855
36119011300,130068
36119011400,112917
36119011500,62054
36119011600,53159
36119011700,147708
36119011800,174122
36119011902,113875
36119012000,108472
36119012101,158713
36119012102,107446
36119012200,102969
36119012301,113750
36119012303,155982
36119012304,191125
36119012400,168000
36119012501,103563
36119012502,171875
36119012503,102037
36119012600,135179
36119012700,173977
36119012802,93293
36119012900,52321
36119013000,71691
36119013102,166799
36119013103,170648
36119013104,201458
36119013201,197750
36119013202,113664
36119013301,43198
36119013304,71786
36119013400,66298
36119013500,91367
36119013600,60266
36119013700,121534
36119013800,129522
36119013900,132604
36119014000,88607
36119014100,55789
36119014200,54663
36119014300,32194
36119014400,70484
36119014500,68484
36119014604,75439
36119014605,62917
36119014606,142813
36119014607,114728
36119014701,88641
36119014703,96250
36119014704,81014
36119014804,80978
36119014805,142135
36119014806,109143
36119014808,131013
36119014809,94901
36119014810,35750
36119014811,124280
36119014901,137214
36119014903,92073
36119014907,106009
36119014908,163977
36119014909,91450
36119015000,124781
36119981000,50278
36119982000,
36119983000,
36119984000,24236
36119985000,
36121970100,61688
36121970200,61223
36121970300,63958
36121970400,53201
36121970500,40456
36121970600,46711
36121970700,55165
36121970800,52431
36121970900,53523
36121971000,45280
36121971100,46000
36123150100,51168
36123150200,45281
36123150300,49139
36123150400,50135
36123150500,52452